date,coronavirus,covid19,covid,19,nan,people,via,china,amp,trump,virus,pandemic,us,cases,new,news,like,get,wuhan,one,health,di,world,si,time,il,help,crisis,home,need,outbreak,000,know,corona,deaths,et,please,would,realdonaldtrump,covid_19,2020,lockdown,spread,due,could,first,des,go,stay,da,covid 19,coronavirus outbreak,coronavirus covid19,coronavirus pandemic,coronavirus cases,covid19 coronavirus,via youtube,due coronavirus,novel coronavirus,new york,death toll,new coronavirus,amid coronavirus,19 pandemic,stay home,coronavirus crisis,coronavirus covid,china coronavirus,coronavirus via,coronavirus china,social distancing,new cases,il coronavirus,corona virus,positive coronavirus,du coronavirus,spread coronavirus,wuhan coronavirus,coronavirus death,confirmed cases,casos coronavirus,news coronavirus,bbc news,fight coronavirus,tested positive,cruise ship,coronavirus lockdown,public health,href rel,rel nofollow,19 cases,gon na,true href,cases coronavirus,wuhan china,south korea,coronavirus fears,hong kong,stay safe,donald trump,covid 19 pandemic,coronavirus covid 19,covid 19 cases,covid 19 crisis,coronavirus death toll,due covid 19,bbc news coronavirus,covid 19 outbreak,covid 19 patients,covid 19 coronavirus,coronavirus live updates,covid 19 via,new york times,fight covid 19,positive covid 19,twitter web app,amid coronavirus outbreak,amid covid 19,world health organization,tested positive coronavirus,new coronavirus cases,tests positive coronavirus,coronavirus 2019 ncov,covid 19 virus,coronavirus task force,casos covid 19,covid 19 deaths,covid 19 lockdown,spread covid 19,covid 19 di,cases covid 19,amid coronavirus pandemic,covid 19 response,primer caso coronavirus,gt virus coronavirus,coronavirus sars flu,virus coronavirus sars,virus covid 19,penyebaran covid 19,covid 19 testing
2020-01-21,2,0,0,9,80,54,97,40,96,29,9,1,56,3,48,39,77,61,28,74,68,78,52,68,48,78,77,52,57,88,20,46,81,1,7,68,82,70,28,0,74,0,32,26,77,85,74,80,26,79,0,8,0,0,0,0,31,0,17,64,1,2,0,0,2,1,0,12,1,12,0,1,0,1,0,0,2,40,1,0,0,1,28,3,1,27,0,20,0,34,0,0,0,0,34,26,9,87,4,43,0,0,0,0,0,0,0,0,0,0,0,0,47,0,0,50,0,0,5,1,0,0,10,0,0,0,0,0,0,0,0,0,0,0,0,8,34,0,0,0
2020-01-22,4,0,0,9,83,55,95,46,83,31,12,2,57,4,49,40,78,58,40,75,66,80,51,68,47,82,76,50,55,87,29,41,81,2,8,68,83,72,51,0,72,0,35,25,77,85,72,80,26,84,0,14,0,1,0,0,41,0,23,64,2,3,2,0,2,1,0,16,1,16,0,1,0,3,1,1,3,47,1,0,0,1,27,3,1,25,0,19,0,68,0,72,0,0,51,26,6,85,3,46,0,0,0,0,0,0,1,0,0,0,0,0,46,0,0,42,0,0,8,0,0,0,19,0,0,0,0,0,0,0,0,0,0,3,48,15,44,0,0,0
2020-01-23,5,0,0,8,76,58,90,53,87,29,18,2,55,4,52,41,79,60,70,74,65,79,51,67,47,75,76,49,56,88,40,42,82,3,9,67,80,75,27,0,71,1,34,24,74,86,71,79,26,84,0,23,0,2,0,0,34,0,37,62,3,3,0,0,2,2,0,23,3,23,0,1,2,6,1,1,8,55,2,1,0,2,29,4,1,26,1,21,27,68,0,0,0,0,76,26,16,87,3,41,0,0,0,0,2,0,3,0,0,0,1,0,46,0,0,33,13,0,9,0,0,0,25,0,0,0,0,0,0,0,0,0,0,2,0,12,47,0,0,0
2020-01-24,8,0,0,9,78,57,91,63,85,30,22,3,56,4,79,40,79,60,78,76,60,78,53,67,49,80,72,46,57,83,46,41,81,5,10,65,82,68,48,0,79,1,37,24,74,88,69,81,25,74,0,32,0,3,1,0,18,0,40,66,6,7,3,0,2,2,0,37,5,37,0,1,3,9,1,3,12,73,5,2,1,3,29,3,2,26,1,20,28,0,0,76,0,1,81,24,7,82,3,42,0,0,0,0,5,0,5,0,0,0,1,0,45,0,0,35,0,0,11,1,0,2,47,0,1,0,0,0,0,0,0,0,0,1,50,19,65,0,0,0
2020-01-25,10,0,0,8,73,50,72,66,83,28,27,4,50,4,78,37,83,59,88,74,38,78,55,67,46,78,65,38,57,77,41,38,79,7,10,65,73,53,31,0,82,1,37,20,58,81,69,86,26,76,0,33,0,3,2,0,33,1,41,61,10,11,0,0,2,3,0,40,10,40,0,2,5,14,1,7,21,84,8,4,1,5,25,7,1,29,1,13,0,38,0,0,0,2,96,23,7,85,4,39,0,0,0,0,10,0,4,0,0,0,3,0,35,0,0,28,14,0,7,0,1,0,43,0,0,0,0,0,0,0,0,0,0,2,0,36,68,0,0,0
2020-01-26,11,0,0,8,76,59,59,63,72,26,28,4,50,4,75,46,82,59,91,72,37,78,56,69,52,76,63,39,57,78,39,38,77,9,13,69,71,62,55,0,90,1,40,21,60,79,70,83,27,70,0,36,0,4,2,0,28,1,51,64,13,9,2,0,2,3,0,42,9,42,0,2,4,19,1,6,29,93,11,5,1,7,28,7,1,29,1,13,0,75,0,40,0,2,100,25,7,91,3,39,0,0,0,0,14,0,5,0,0,0,3,0,51,0,0,55,0,0,8,1,1,0,42,0,0,0,0,0,0,0,0,0,0,2,0,20,92,0,0,0
2020-01-27,12,0,0,8,82,66,92,63,82,30,30,3,56,5,48,46,76,58,90,72,66,78,50,65,49,80,73,44,56,82,37,41,80,10,15,71,81,70,54,0,85,1,49,26,76,88,70,79,25,73,0,34,0,4,3,0,31,1,61,62,16,8,3,0,2,3,0,40,10,40,0,2,4,21,2,6,31,93,14,7,1,8,31,11,2,23,1,23,0,0,0,35,0,3,94,25,12,85,4,43,0,0,0,0,17,0,5,0,0,0,4,0,59,0,0,41,25,0,11,1,1,2,37,0,1,0,0,0,0,0,0,0,0,1,46,30,85,0,0,0
2020-01-28,15,0,0,9,77,63,91,66,84,32,31,4,57,6,48,44,77,60,100,71,67,80,54,68,49,77,78,47,56,90,35,42,80,11,14,70,83,77,32,0,75,1,57,27,74,86,72,79,25,76,0,32,0,4,4,0,39,1,66,63,20,11,5,0,2,4,0,45,14,45,0,3,7,22,3,5,34,100,15,7,1,10,32,12,2,23,1,23,0,34,0,72,0,4,94,23,19,94,4,43,0,0,0,0,23,0,7,0,0,0,6,0,49,0,0,49,13,0,20,0,2,2,54,0,2,0,0,0,0,0,0,0,0,3,0,40,91,0,0,0
2020-01-29,14,0,0,8,81,61,90,64,80,32,28,3,58,6,73,44,77,59,89,70,65,79,52,66,48,80,76,43,55,86,32,42,80,10,14,69,77,75,41,0,74,1,51,27,74,84,71,80,26,79,0,32,0,3,5,0,35,2,67,59,23,9,3,0,2,4,0,44,14,44,0,2,6,20,3,5,32,85,17,7,2,10,30,8,2,25,1,23,0,100,0,0,0,5,88,22,16,97,6,41,0,0,0,0,27,0,6,0,0,0,8,0,45,0,0,49,25,0,15,1,2,0,41,0,1,0,0,0,0,0,0,0,0,2,0,41,81,0,0,0
2020-01-30,16,0,0,9,76,65,90,65,84,29,31,3,58,7,50,45,77,60,86,74,66,79,54,67,50,77,76,46,55,86,36,38,82,12,15,68,79,75,42,0,74,1,54,29,77,88,70,83,25,79,0,34,0,4,5,0,42,3,100,62,23,9,4,0,2,6,0,46,38,46,0,2,11,23,3,6,38,93,19,12,2,13,32,16,3,69,1,25,0,0,0,0,0,5,90,26,22,98,4,38,0,0,0,0,27,0,9,0,0,0,9,0,48,0,0,34,39,0,46,1,1,0,100,0,1,0,0,0,0,0,0,0,0,3,0,41,86,0,0,0
2020-01-31,17,0,0,9,83,60,88,64,85,34,32,4,56,7,85,48,78,58,81,75,61,74,52,63,50,79,70,40,55,83,32,40,78,13,15,64,80,70,23,0,71,1,54,29,71,84,67,82,24,79,0,32,0,3,6,0,42,3,77,62,24,10,3,0,2,5,0,44,30,44,0,2,18,25,3,6,35,80,19,12,2,14,38,11,2,43,0,24,28,34,0,37,0,6,74,28,13,95,5,43,0,0,0,0,29,0,13,0,0,0,8,0,51,0,0,25,0,0,26,2,2,0,75,0,6,0,0,0,0,0,0,0,0,5,0,32,78,0,0,0
2020-02-01,12,0,0,9,75,54,69,57,80,33,24,3,51,6,51,42,79,59,63,75,39,77,51,64,53,82,63,36,58,80,25,37,77,10,13,67,76,56,31,0,81,0,42,22,58,76,71,87,26,75,0,26,0,3,5,0,26,2,60,60,19,7,2,0,2,3,0,37,19,37,0,2,10,19,2,5,22,61,14,8,2,11,29,10,2,32,1,14,30,38,0,41,0,5,61,22,21,89,2,42,0,0,0,0,23,0,7,0,0,0,8,0,38,0,0,19,0,0,11,1,2,0,79,0,1,0,0,0,0,0,0,0,0,10,0,14,36,0,0,0
2020-02-02,10,0,0,9,75,53,61,56,77,28,21,4,49,6,78,37,80,58,59,74,39,77,53,65,100,75,64,37,56,78,26,38,80,9,12,68,71,63,5,0,100,0,52,22,60,82,76,88,27,77,0,23,0,4,4,0,26,2,54,61,20,8,3,0,2,2,0,32,11,32,0,2,8,16,2,5,20,56,15,6,2,10,32,9,1,29,0,13,0,0,0,41,0,4,65,25,0,91,4,37,0,0,0,0,22,0,5,0,0,0,6,0,41,0,0,28,0,0,12,1,1,0,57,0,3,0,0,0,0,0,0,0,0,3,0,20,33,0,0,0
2020-02-03,9,0,0,9,78,58,99,55,82,42,18,5,55,6,46,38,78,58,49,71,64,80,51,66,70,76,69,42,55,81,23,40,77,8,12,68,76,72,92,0,97,1,49,26,75,94,72,81,25,75,0,28,0,8,4,0,29,2,61,62,18,8,1,0,2,5,0,30,12,30,0,2,6,14,2,4,17,47,15,6,1,9,30,9,2,24,0,21,0,31,0,33,0,4,54,24,26,98,3,65,0,0,0,0,22,0,6,0,0,0,8,0,44,0,0,46,0,0,12,1,2,0,41,0,1,0,0,0,0,0,0,0,0,2,87,7,27,0,0,0
2020-02-04,8,0,0,15,80,59,95,50,85,34,17,4,55,6,47,40,77,59,45,72,65,80,65,66,51,79,76,43,55,84,24,39,79,8,11,68,80,79,36,0,77,1,38,27,77,90,70,84,26,77,0,24,0,6,4,0,33,2,59,65,17,7,5,0,2,5,0,29,11,29,0,3,5,13,3,4,15,42,15,5,1,9,28,10,2,28,0,21,0,67,0,0,0,4,43,30,6,100,4,47,0,0,0,0,20,0,4,0,0,0,7,0,67,0,0,16,25,0,11,1,2,0,63,0,1,0,0,0,0,0,0,0,0,3,0,14,27,0,0,0
2020-02-05,7,0,0,9,82,58,92,45,86,79,16,3,59,6,93,42,75,59,39,72,64,78,49,65,48,80,73,44,54,83,20,40,82,7,11,66,79,76,86,0,75,1,40,26,75,86,71,82,25,76,0,21,0,3,3,0,40,2,49,63,17,7,5,0,2,2,0,26,8,26,0,2,4,12,2,3,14,39,15,5,1,9,28,8,2,58,0,20,26,33,0,0,0,3,36,25,12,94,4,100,0,0,0,0,19,0,5,0,0,0,6,0,54,0,0,16,13,0,11,1,2,2,47,0,1,0,0,0,0,0,0,0,0,3,0,11,19,0,0,0
2020-02-06,8,0,0,10,86,60,92,46,88,57,15,2,56,6,49,41,78,60,38,74,62,79,53,66,46,80,75,46,55,84,20,40,81,7,12,67,82,76,46,0,72,1,40,29,82,87,70,82,25,83,0,19,0,3,4,0,50,2,42,66,19,6,4,0,2,3,0,29,6,29,0,2,4,12,2,3,16,39,17,5,1,9,28,6,1,51,0,19,54,0,0,0,0,4,40,28,9,91,4,79,0,0,0,0,23,0,7,0,0,0,7,0,51,0,0,17,13,0,11,1,2,3,45,0,0,0,0,0,0,0,0,0,0,3,0,12,22,0,0,0
2020-02-07,8,0,0,9,78,58,96,49,83,35,16,3,53,6,49,40,77,58,46,74,59,77,51,63,47,78,71,45,55,81,21,40,79,7,13,62,80,70,66,0,74,1,35,26,73,86,70,82,25,75,0,28,0,2,4,0,42,2,52,66,21,7,4,0,2,3,0,33,12,33,0,3,4,13,2,5,19,49,18,6,1,10,30,6,2,82,1,18,0,0,0,37,0,4,44,25,29,88,3,49,0,0,0,0,26,0,6,0,0,0,7,0,44,0,0,43,20,0,10,1,3,0,33,0,2,0,0,0,0,0,0,0,0,4,0,19,30,0,0,0
2020-02-08,8,0,0,9,76,52,74,44,79,30,14,2,49,5,100,37,79,56,40,72,39,75,52,61,46,74,61,34,57,78,20,38,75,6,12,64,73,54,15,0,78,1,31,20,59,76,71,83,25,73,0,24,0,2,4,0,28,2,44,61,20,7,3,0,1,3,0,30,11,30,0,3,4,11,2,7,14,45,18,5,1,9,26,5,2,59,1,11,0,0,0,40,0,4,40,22,14,78,2,45,0,0,0,0,26,0,7,0,0,0,8,0,32,0,0,0,14,0,5,1,3,0,39,0,1,0,0,0,0,0,0,0,0,3,0,19,24,0,0,0
2020-02-09,7,0,0,22,80,53,59,42,75,27,14,3,48,5,50,38,80,58,36,73,38,81,80,63,47,74,64,40,57,82,22,36,78,6,13,66,72,61,40,0,89,1,31,24,58,78,72,87,27,78,0,29,0,2,3,0,30,2,40,67,18,6,5,0,2,3,0,26,8,26,0,3,4,10,1,5,15,41,16,3,1,9,35,10,2,49,0,12,0,37,0,39,0,3,33,24,10,74,2,40,0,0,0,0,22,0,5,0,0,0,8,0,36,0,0,18,14,0,9,2,3,2,28,0,0,0,0,0,0,0,0,0,0,3,51,14,27,0,0,0
2020-02-10,7,0,0,9,78,59,100,41,83,26,14,2,55,6,46,40,74,57,34,72,66,78,51,65,48,76,76,43,54,85,25,41,79,6,12,65,78,76,36,0,97,1,40,28,77,87,70,80,25,77,0,36,0,3,4,0,21,2,45,64,20,6,4,0,2,3,0,25,13,25,0,3,4,11,2,5,18,41,17,5,1,9,32,7,2,56,1,23,26,98,0,0,0,4,30,33,6,83,5,36,0,0,0,0,27,0,8,0,0,0,7,0,44,0,0,40,24,0,10,2,3,0,47,0,1,0,0,0,0,0,0,0,0,3,0,14,19,0,0,0
2020-02-11,7,0,0,8,82,60,98,41,85,27,14,2,56,6,94,45,78,59,29,73,68,79,49,66,46,75,75,47,56,84,25,42,80,6,13,66,82,76,35,0,79,1,40,27,79,86,71,82,25,79,0,33,1,2,3,1,36,2,38,65,19,7,4,0,2,3,1,26,14,26,0,3,4,11,2,4,16,37,15,5,1,9,30,11,2,54,0,21,0,0,0,35,0,3,26,30,6,84,4,38,0,1,0,0,23,0,7,1,1,1,6,0,45,0,0,32,12,0,14,2,2,0,37,0,1,0,0,0,0,0,0,0,0,4,0,12,11,0,0,0
2020-02-12,6,2,1,9,87,59,97,40,89,28,14,2,57,5,60,39,77,59,27,75,65,80,51,67,46,83,76,45,59,87,22,41,82,6,11,67,77,79,54,2,73,1,39,26,79,89,74,89,26,82,1,29,3,2,3,3,41,2,35,66,18,7,8,0,2,3,2,23,11,23,0,3,4,10,3,4,14,31,14,4,1,8,27,7,3,54,0,21,0,0,0,0,0,3,22,29,9,83,3,43,0,2,0,0,23,0,6,4,0,2,6,0,61,3,0,40,13,0,10,1,3,2,38,2,1,0,0,0,1,0,0,0,0,3,0,11,10,2,0,0
2020-02-13,7,2,1,9,85,59,93,44,91,25,14,2,55,6,46,39,77,58,27,74,60,78,50,64,47,76,74,47,56,84,22,39,79,6,12,67,79,76,32,2,69,1,39,27,79,86,71,83,25,84,1,31,3,2,4,4,30,2,29,63,23,6,4,1,2,2,3,27,10,27,0,3,3,11,2,3,16,33,18,5,1,9,30,6,3,51,0,19,0,0,0,53,0,4,26,28,21,82,4,38,0,2,0,2,25,0,7,2,1,2,7,0,41,0,0,16,0,0,11,1,3,0,22,4,0,0,0,0,1,0,0,0,0,3,47,4,19,4,0,0
2020-02-14,5,2,1,9,87,54,95,39,84,26,12,2,51,5,46,37,78,56,22,76,52,75,52,62,49,78,65,42,54,78,17,38,76,5,11,64,74,67,46,2,69,1,33,25,73,84,67,81,24,78,1,26,2,2,3,2,48,2,23,63,17,5,2,0,1,2,2,22,7,22,0,2,3,9,2,3,11,25,14,4,1,8,27,6,2,42,0,18,0,69,1,0,0,3,21,26,0,77,2,38,1,2,1,0,22,0,5,4,1,2,5,0,40,3,0,42,20,0,11,1,2,0,3,4,1,0,1,0,1,1,1,0,0,2,0,6,12,3,0,0
2020-02-15,5,2,1,9,83,50,74,36,85,23,11,1,48,5,49,38,80,57,21,73,39,76,55,62,48,72,59,35,57,78,16,37,77,5,11,63,73,54,15,2,73,0,28,22,56,76,68,86,27,95,1,19,2,1,3,3,28,1,19,65,17,4,3,0,1,3,2,20,5,20,0,2,3,9,1,4,11,23,13,4,1,7,38,6,2,47,0,11,0,0,1,0,0,3,17,23,7,70,1,34,0,2,0,0,17,0,4,3,3,2,7,0,31,0,0,37,28,0,6,1,2,2,18,4,1,0,0,0,3,1,0,0,0,1,0,9,16,4,0,0
2020-02-16,5,2,1,9,87,53,61,36,84,28,10,1,48,5,48,35,84,60,19,75,38,78,55,66,51,75,62,38,59,79,13,36,80,5,11,70,74,60,20,3,80,0,27,22,62,81,71,89,28,82,1,14,3,1,2,2,41,1,16,65,15,3,9,0,2,3,2,17,10,17,0,2,3,8,1,3,8,20,12,3,1,7,34,4,3,53,0,12,90,38,1,40,0,2,16,26,14,68,2,37,0,2,1,0,17,0,4,2,2,2,4,7,34,0,0,37,14,0,5,1,1,4,21,3,0,0,0,0,3,1,1,0,1,1,0,10,6,3,0,0
2020-02-17,5,2,1,9,84,52,98,36,87,24,10,2,52,5,45,36,76,59,18,72,58,79,51,68,51,79,70,43,59,82,13,40,79,5,10,69,78,70,23,3,75,0,33,26,73,84,73,82,26,81,1,14,3,1,2,3,29,2,14,61,14,4,3,1,2,2,2,17,8,17,0,3,3,8,2,2,9,21,11,3,1,7,29,6,4,49,0,19,0,67,0,71,0,2,15,27,9,78,3,33,1,2,0,0,18,0,4,3,1,2,4,0,37,3,0,49,13,0,7,1,1,2,9,3,1,0,0,0,1,0,0,0,0,2,0,7,9,3,0,0
2020-02-18,4,2,1,11,89,58,94,35,87,26,10,1,53,5,46,39,77,60,18,73,67,77,49,66,49,76,76,43,57,88,14,43,82,4,11,65,79,76,31,7,74,0,35,28,76,88,77,81,26,83,1,12,2,1,2,2,39,2,17,65,14,3,4,0,2,2,2,16,8,16,0,2,2,7,3,2,7,18,11,3,1,6,28,4,2,44,0,20,0,0,1,0,0,2,17,27,15,75,4,35,1,2,1,4,19,0,3,2,2,2,6,0,41,3,0,72,0,4,9,3,1,2,24,3,0,0,0,0,2,0,1,0,1,2,0,5,14,3,0,0
2020-02-19,4,1,1,18,83,60,93,33,89,28,9,1,57,5,46,37,78,60,16,72,65,78,50,68,50,79,74,51,56,87,13,38,82,4,10,67,81,77,57,4,73,1,33,27,79,89,79,83,26,84,1,11,2,1,2,2,34,1,17,63,14,3,4,1,2,2,2,13,6,13,0,2,3,7,1,2,7,15,9,3,1,6,27,5,2,33,0,19,0,0,1,0,0,2,14,32,15,74,4,40,0,2,0,0,15,0,4,2,1,2,3,0,41,0,0,16,0,0,7,1,1,0,9,3,0,0,1,0,2,0,0,0,0,2,0,4,6,3,0,0
2020-02-20,4,2,1,14,84,60,94,33,93,30,9,1,55,5,49,39,81,59,14,75,62,75,50,66,52,73,74,46,56,85,12,42,83,4,10,66,76,78,40,0,72,1,33,26,79,88,72,80,25,82,1,11,3,1,2,3,48,1,12,65,12,3,1,1,2,2,2,12,5,12,0,2,2,6,1,2,8,15,9,2,0,6,29,4,2,38,0,20,26,33,1,0,0,2,13,51,18,87,2,45,1,2,1,0,16,1,3,2,1,2,4,0,45,0,1,40,0,0,10,1,1,0,6,3,0,0,1,0,2,1,1,0,2,2,0,4,4,3,0,0
2020-02-21,7,2,1,10,84,59,91,32,87,29,12,1,54,5,69,37,81,60,14,74,59,74,53,66,50,76,71,43,56,83,13,39,79,6,9,64,75,75,37,5,74,0,33,25,75,86,70,84,26,78,2,13,3,1,3,3,40,2,12,64,14,4,2,1,2,2,2,12,36,12,0,3,20,11,1,2,8,16,10,2,1,8,27,8,2,35,0,20,27,68,1,0,0,2,11,69,25,82,3,44,0,2,1,2,18,1,4,2,2,2,5,6,42,0,1,42,0,0,9,1,2,2,13,3,1,0,0,0,3,1,1,0,0,1,0,3,9,3,0,0
2020-02-22,12,3,2,10,81,51,67,31,81,25,16,2,49,5,66,35,82,58,15,70,39,74,54,64,54,79,63,36,58,79,14,36,79,8,10,62,73,57,15,2,81,1,30,21,60,78,73,87,25,79,2,14,4,3,3,4,45,2,9,62,14,4,3,1,1,3,3,13,55,13,0,2,40,15,2,5,8,17,12,3,1,13,24,7,2,37,1,11,0,74,1,0,0,3,12,74,17,65,2,38,2,4,1,2,19,1,4,4,0,4,6,0,36,3,0,36,0,0,6,1,2,0,7,4,1,0,1,0,3,2,1,0,0,1,0,7,16,5,0,0
2020-02-23,17,3,2,10,85,55,54,32,78,29,22,4,50,6,69,39,84,61,17,73,40,79,56,65,55,83,67,39,61,80,17,36,82,12,11,66,70,65,60,6,86,1,29,22,64,83,74,87,26,73,2,22,6,5,4,6,19,3,11,64,15,6,3,3,1,2,5,16,75,16,0,2,62,21,3,10,13,20,13,3,2,20,27,16,2,38,2,12,0,37,2,0,0,4,12,86,27,70,3,46,1,5,2,2,19,1,7,6,2,5,4,7,44,3,1,54,0,0,10,2,2,0,14,5,1,0,1,1,8,2,2,0,3,2,0,21,29,5,0,0
2020-02-24,20,4,3,11,79,62,76,37,88,52,25,10,59,8,53,45,80,60,19,75,69,79,58,67,49,85,75,48,57,86,25,43,83,14,14,66,76,83,58,4,82,1,42,29,78,89,73,81,27,69,4,29,7,12,6,6,27,4,18,68,20,7,5,6,2,4,6,21,83,21,0,4,49,24,2,13,19,24,17,5,3,23,31,12,2,34,2,21,0,98,2,35,0,6,15,100,36,81,4,99,7,7,2,2,26,1,7,5,4,7,10,6,50,0,0,48,12,0,21,1,3,0,18,7,2,0,2,0,6,4,2,0,1,4,46,4,25,6,0,0
2020-02-25,24,6,4,12,79,66,74,39,90,42,30,14,60,9,46,46,80,61,19,73,70,79,55,67,50,82,77,48,58,87,30,41,84,17,17,68,79,83,27,10,80,2,51,28,82,90,79,86,26,73,4,40,11,18,7,11,38,5,20,67,23,9,9,8,2,8,8,24,72,24,0,4,40,28,4,16,30,26,21,7,6,26,33,18,3,34,3,25,0,66,2,0,0,8,17,95,52,80,5,74,9,8,2,2,31,0,15,9,1,8,9,12,50,4,1,32,0,0,18,3,3,10,18,7,2,1,1,1,8,2,2,0,2,26,0,19,40,7,0,0
2020-02-26,29,7,5,14,79,67,84,41,87,33,34,17,64,10,46,45,78,60,21,73,68,77,55,67,48,82,78,50,56,86,34,43,84,21,20,66,81,77,30,7,77,1,54,29,81,89,79,85,24,83,5,45,9,19,11,10,42,6,30,65,28,12,9,8,2,10,9,28,65,28,0,6,34,34,6,18,39,26,27,11,9,26,33,21,3,49,3,27,0,32,2,0,0,10,19,85,35,91,4,52,8,10,2,2,37,1,18,8,3,10,15,17,52,0,1,16,18,0,25,5,6,3,24,8,2,1,2,1,6,2,2,36,2,24,0,26,60,9,0,1
2020-02-27,28,7,5,14,80,67,88,42,88,28,35,15,63,11,46,45,78,59,21,76,66,76,58,66,47,77,76,47,58,86,35,43,82,22,21,65,81,78,56,4,73,1,56,29,84,89,74,82,25,88,6,42,12,19,11,11,28,6,33,68,27,15,20,9,2,9,10,27,47,27,0,6,27,34,6,19,41,26,28,14,8,25,34,26,6,44,1,26,0,0,3,34,0,11,20,74,80,74,4,40,8,11,3,6,39,2,18,11,2,11,14,12,53,3,1,23,12,0,23,5,7,8,15,12,3,1,2,0,12,2,3,0,4,18,0,39,38,11,0,1
2020-02-28,29,8,5,14,82,65,89,42,86,26,36,13,61,11,49,44,80,58,21,74,61,77,56,65,48,80,68,47,58,83,34,41,80,24,20,62,81,74,27,7,75,1,56,29,76,89,71,83,24,82,6,38,12,17,11,11,35,7,26,67,27,17,8,8,2,13,10,28,40,28,0,8,27,35,11,25,38,26,28,14,11,26,37,22,9,42,1,23,26,0,3,35,0,11,21,67,46,78,3,38,7,11,3,2,34,2,19,7,2,11,17,0,54,0,1,24,0,5,24,9,7,21,31,11,4,2,2,0,12,3,3,0,2,49,46,48,35,11,0,1
2020-02-29,27,8,5,14,84,58,68,39,84,28,31,10,60,11,74,40,79,58,18,71,41,75,57,65,46,80,62,38,60,77,29,37,77,21,20,64,73,57,34,4,80,1,43,24,58,81,73,84,25,80,5,31,12,11,11,13,34,6,21,63,23,15,9,5,2,6,10,26,44,26,0,8,27,31,12,25,33,23,40,12,10,26,31,24,5,36,1,16,0,36,3,0,0,10,18,71,37,71,3,38,6,11,3,2,34,1,13,11,3,11,11,10,39,9,1,18,14,0,22,6,8,7,7,12,2,2,3,0,13,3,3,0,3,28,0,31,37,13,1,2
2020-03-01,25,8,5,14,83,59,56,38,84,25,29,8,56,11,72,41,81,57,18,75,43,79,58,66,47,81,67,38,60,80,27,35,79,20,19,67,72,63,15,3,86,1,40,27,65,84,83,88,26,83,6,35,12,10,10,13,19,6,16,64,20,14,7,7,2,5,11,24,40,24,0,8,30,28,20,27,28,22,31,10,9,25,32,24,6,35,1,17,0,36,3,0,0,10,18,61,36,92,4,38,8,11,3,2,26,2,18,13,2,11,10,7,45,4,2,53,27,0,17,5,7,4,17,12,1,1,2,1,13,3,3,0,3,20,50,42,29,11,0,1
2020-03-02,31,10,7,16,89,69,95,39,89,25,39,10,66,14,55,45,79,59,20,74,71,80,58,66,48,82,76,49,59,87,36,40,80,27,30,67,77,78,30,5,78,1,59,34,82,93,72,84,26,80,8,43,16,12,15,16,35,10,31,74,18,29,11,9,2,12,13,27,60,27,0,11,31,40,16,32,41,24,31,17,11,29,38,30,8,33,2,34,0,0,4,0,94,15,23,68,56,78,8,39,7,15,4,4,24,3,21,6,6,15,14,9,52,5,2,39,24,0,25,8,11,13,6,14,4,1,4,1,21,4,4,18,3,10,89,48,35,13,1,2
2020-03-03,32,10,7,16,82,70,93,39,88,27,39,9,68,15,46,47,76,60,19,73,69,80,57,68,49,84,80,54,58,90,34,42,85,27,31,66,81,80,43,7,76,1,57,33,82,89,70,83,26,87,8,44,14,13,17,14,53,11,29,71,24,26,18,7,2,9,14,25,60,25,0,12,30,39,15,25,41,24,28,18,10,30,39,29,8,31,2,32,0,32,4,0,0,16,18,65,44,83,6,41,7,16,4,2,28,4,26,15,4,16,16,15,57,7,1,16,12,0,28,7,13,9,6,15,5,1,5,0,16,4,4,0,2,65,0,33,32,14,0,3
2020-03-04,34,11,8,16,84,72,87,40,85,34,40,7,71,18,46,48,77,60,19,77,72,80,55,69,47,84,75,51,57,87,35,42,83,28,28,64,83,80,65,9,81,1,56,33,85,86,73,80,26,87,9,43,17,10,21,18,38,11,35,74,25,30,20,7,2,11,15,25,70,25,1,16,39,41,14,26,42,24,30,21,10,35,42,23,10,30,1,33,0,0,5,0,0,20,23,57,44,90,4,60,7,16,5,10,27,4,32,14,5,16,22,18,70,4,2,39,12,0,31,7,17,6,15,17,4,2,5,0,15,6,5,0,5,24,0,44,22,16,2,3
2020-03-05,35,12,9,18,87,70,88,39,85,26,42,7,66,19,47,49,76,61,18,74,69,78,64,68,47,82,77,50,57,88,39,39,84,30,28,67,77,77,75,8,72,1,59,35,85,88,69,81,25,84,10,50,18,9,21,19,42,13,34,70,24,38,17,5,3,9,16,26,62,26,1,14,42,43,16,30,43,24,31,23,10,36,44,32,11,81,2,35,26,0,6,0,0,21,21,56,39,73,6,41,7,19,5,4,27,5,33,18,3,19,25,12,51,8,4,48,18,9,29,6,18,13,9,20,2,4,5,0,16,7,5,0,7,12,0,25,43,19,0,4
2020-03-06,36,14,11,19,93,68,87,39,86,26,42,7,67,19,47,48,79,58,19,76,63,77,55,68,47,88,73,51,57,81,40,38,81,30,27,65,80,70,23,13,73,1,58,32,76,88,72,83,25,86,12,45,18,8,21,21,39,12,29,72,22,34,18,7,2,11,19,25,71,25,1,16,44,42,18,30,37,23,30,23,11,35,41,33,11,86,1,33,0,33,7,35,0,21,20,48,62,92,5,36,6,19,7,4,27,3,29,20,8,19,19,6,50,4,4,25,19,5,28,12,18,18,6,19,3,3,5,0,25,7,7,0,4,100,0,44,28,18,0,5
2020-03-07,35,14,11,20,81,61,62,40,80,24,38,7,58,19,47,45,79,58,18,69,43,76,57,67,47,85,60,41,59,75,37,35,79,26,29,63,70,56,44,12,77,1,46,27,59,79,71,85,25,86,11,42,19,9,21,19,36,10,23,72,21,34,17,8,3,9,17,25,60,25,1,14,51,37,18,28,35,23,30,18,10,35,36,32,11,100,2,21,58,0,7,0,0,21,20,47,57,62,5,33,9,18,6,2,26,4,26,15,6,18,24,13,44,17,3,36,41,0,20,12,18,9,14,20,3,3,6,1,21,11,6,0,6,29,0,34,37,19,0,6
2020-03-08,39,15,12,21,78,64,51,41,80,23,37,7,58,20,47,44,81,59,19,74,44,78,74,68,67,87,63,46,59,81,40,36,81,29,26,70,71,62,34,10,86,3,48,27,66,79,80,89,26,100,13,42,23,9,25,23,25,12,26,78,22,40,12,8,2,9,20,27,72,27,1,18,64,37,16,34,37,26,29,21,12,38,38,46,11,99,5,23,0,0,8,0,0,24,19,48,47,66,4,34,6,22,8,7,28,6,31,17,9,22,19,13,46,7,3,36,0,10,22,13,22,14,17,22,4,3,5,1,20,9,8,0,1,17,0,24,47,21,1,5
2020-03-09,47,21,17,25,82,70,85,42,85,29,47,10,69,26,46,54,76,59,20,73,76,79,56,71,55,92,73,60,58,85,45,39,79,37,34,68,78,75,82,15,76,4,63,37,80,85,72,80,25,82,18,56,28,13,30,27,44,19,36,79,27,47,25,12,3,26,25,31,90,31,4,24,68,47,26,36,45,24,36,32,21,43,52,45,14,99,6,44,0,31,12,34,94,30,20,52,76,70,5,41,10,28,10,7,33,9,42,27,10,28,25,15,63,11,3,39,36,18,34,14,25,25,15,28,6,5,9,2,31,16,10,0,7,16,0,52,42,28,0,8
2020-03-10,54,25,20,28,82,74,82,44,83,31,52,12,70,31,47,55,74,58,25,70,74,80,53,72,48,90,75,61,56,85,51,39,80,43,38,67,77,75,77,13,73,7,64,42,77,84,77,80,26,87,21,65,34,16,37,33,49,26,37,81,31,57,23,12,3,26,31,36,82,36,4,27,69,53,24,35,50,29,44,34,27,47,55,47,16,76,12,49,25,0,15,0,0,36,25,54,61,75,6,41,16,31,15,7,37,12,46,33,20,31,29,23,64,12,8,39,18,9,38,13,31,12,24,32,12,8,8,6,34,12,15,18,9,22,44,64,59,31,1,10
2020-03-11,63,32,27,35,85,79,75,47,81,33,63,100,76,39,47,61,75,61,27,69,83,82,56,75,48,90,76,61,54,84,66,38,80,57,46,66,78,73,34,16,74,8,72,52,80,84,79,77,25,88,28,76,43,95,47,44,38,37,47,83,37,65,37,79,3,30,42,44,86,44,7,33,74,63,38,37,59,34,51,47,35,55,58,51,20,54,13,57,0,31,22,33,0,47,30,54,55,77,8,45,85,45,22,6,45,18,53,37,20,45,34,23,72,11,11,31,24,4,92,19,37,22,18,42,9,13,14,6,47,15,22,0,16,25,89,59,63,42,0,16
2020-03-12,96,49,42,49,83,98,68,63,78,73,91,99,100,58,46,81,72,61,38,68,85,76,64,78,46,89,72,74,54,75,93,37,80,85,71,63,74,69,100,26,68,19,100,84,80,85,74,80,27,85,44,100,71,100,70,74,25,76,65,85,59,81,67,100,5,58,68,68,92,68,18,47,80,96,100,64,100,48,80,84,57,80,99,87,100,57,22,77,0,31,34,66,0,70,41,68,100,76,14,76,100,71,34,9,74,38,100,50,20,71,57,59,81,31,24,61,52,38,93,100,48,56,14,66,7,22,25,24,71,18,34,53,38,42,0,100,100,64,2,32
2020-03-13,94,55,48,57,85,93,69,72,78,100,97,58,99,63,53,82,74,61,42,71,84,79,72,76,46,93,70,73,58,76,95,36,79,98,70,63,72,62,75,38,65,17,92,90,77,85,67,84,29,83,51,97,76,53,76,81,34,88,58,77,58,79,66,59,6,59,73,77,97,77,22,53,80,98,90,79,83,50,74,100,65,82,75,72,79,49,24,77,0,0,38,35,0,76,46,72,78,82,20,96,62,77,38,23,68,45,71,64,28,77,57,54,83,33,23,24,37,45,84,74,56,73,15,72,11,28,26,16,65,19,38,46,40,61,91,74,94,68,0,46
2020-03-14,87,57,48,55,89,86,53,70,77,65,86,43,88,66,49,72,81,61,43,70,62,84,62,78,42,98,67,61,62,78,91,35,86,86,68,67,71,53,54,27,65,22,71,71,66,80,68,91,31,76,50,83,69,38,78,66,27,66,50,69,55,69,69,49,7,59,68,74,89,74,29,52,87,85,78,85,69,49,66,89,61,74,71,89,55,47,29,54,29,0,44,0,0,77,45,66,67,78,17,87,44,71,44,15,66,41,81,54,27,71,52,50,72,58,27,18,48,30,67,49,57,68,21,72,15,29,32,16,71,26,44,52,41,38,51,78,85,66,7,45
2020-03-15,100,68,58,66,84,87,44,72,71,51,91,39,90,73,47,79,82,63,45,72,70,82,65,80,45,97,70,65,66,80,97,34,86,95,73,70,75,60,29,44,73,30,77,76,71,83,79,91,35,82,59,82,81,38,85,79,21,72,42,74,65,77,89,48,13,68,82,80,90,80,50,59,100,91,66,100,70,52,72,93,75,86,79,94,52,50,39,68,0,54,52,0,0,85,49,82,57,78,21,72,45,83,52,19,81,53,89,64,43,83,60,53,78,48,31,35,61,64,70,44,64,49,23,80,24,43,37,26,79,32,52,31,51,42,100,63,58,76,8,49
2020-03-16,100,82,71,77,86,90,71,75,73,58,100,39,98,75,45,96,71,61,43,68,100,81,59,73,45,93,81,82,68,81,100,36,78,100,77,67,76,61,55,48,63,52,97,100,81,81,67,87,39,79,73,91,95,41,85,96,30,100,59,79,78,89,100,54,16,80,92,82,97,82,61,63,81,100,71,89,78,49,82,98,82,100,98,81,57,34,58,100,0,62,58,0,0,85,46,90,60,78,33,66,58,93,58,40,98,77,98,70,52,93,88,69,82,26,34,46,100,73,84,46,66,48,29,91,44,58,44,54,100,41,58,53,93,37,87,53,73,89,26,72
2020-03-17,94,83,75,81,83,91,78,82,74,52,99,38,91,77,45,91,73,63,41,70,94,90,61,79,46,93,87,87,69,78,99,39,82,97,76,70,80,68,55,60,59,47,84,92,84,84,68,89,37,83,76,83,91,41,86,96,29,86,57,73,69,79,88,55,15,83,90,91,81,91,64,67,77,99,79,79,67,47,80,97,90,93,89,78,59,30,52,86,0,0,59,0,0,85,46,84,58,78,33,62,54,95,60,58,85,82,91,85,52,95,83,78,79,47,38,46,47,100,73,54,69,29,18,94,39,64,43,44,84,46,60,62,69,51,0,61,68,94,23,100
2020-03-18,91,85,78,86,83,96,74,92,71,60,94,37,98,80,45,91,76,67,40,70,91,97,64,82,46,93,92,97,73,83,83,41,86,92,74,71,83,71,52,58,58,54,89,85,84,87,69,90,38,81,78,75,90,38,87,90,41,78,54,74,69,79,87,58,14,80,90,100,90,100,70,73,74,93,84,77,66,43,74,88,89,93,100,76,50,24,64,75,0,32,61,0,0,86,48,81,80,82,33,68,57,90,61,58,78,79,88,76,63,90,79,85,79,56,44,47,78,53,87,47,71,44,21,95,39,73,44,36,90,57,61,63,100,45,44,42,48,90,21,85
2020-03-19,88,84,78,98,80,94,68,90,77,57,92,36,96,81,46,91,76,66,42,71,87,94,65,82,46,93,86,100,72,84,77,41,87,89,77,70,85,76,39,55,56,53,88,78,86,100,70,89,39,76,80,71,86,37,90,84,42,65,63,74,74,83,78,57,16,100,88,89,81,89,76,79,67,91,85,69,66,42,79,85,91,91,88,89,53,23,64,73,0,0,66,0,0,88,47,83,41,77,36,64,51,90,63,63,86,75,78,88,56,90,73,73,84,65,47,16,60,97,82,47,78,41,15,96,33,68,53,42,94,57,63,54,94,63,0,36,60,91,23,79
2020-03-20,86,90,84,93,84,92,71,83,67,56,90,35,92,87,53,93,78,67,34,75,83,92,67,82,46,97,89,92,83,82,80,40,85,92,81,72,87,71,38,71,55,74,93,80,85,91,69,92,75,82,83,72,83,36,91,86,38,68,59,94,79,92,83,57,71,85,89,78,100,78,85,83,74,90,87,64,61,34,83,79,91,88,84,82,62,25,85,64,0,47,70,100,0,90,40,73,41,74,45,64,59,89,70,85,84,78,69,82,60,89,69,75,80,69,48,15,47,91,81,54,81,68,23,91,32,88,53,72,80,57,70,27,65,50,0,31,57,87,20,71
2020-03-21,89,92,87,88,80,92,56,84,69,51,87,36,84,96,54,81,85,68,39,73,67,90,75,83,44,97,86,80,82,86,85,42,88,94,95,71,79,59,57,74,56,52,89,64,77,83,66,95,60,82,85,67,93,35,100,95,51,53,59,89,97,94,86,54,45,80,95,82,82,82,86,90,71,85,83,68,64,38,92,80,100,86,67,96,50,26,62,52,0,35,80,0,0,99,48,78,39,74,42,64,49,97,78,63,99,67,66,93,78,97,81,61,79,77,53,17,93,58,73,42,85,36,26,95,40,96,65,57,100,64,78,50,59,59,0,43,49,92,20,65
2020-03-22,93,100,94,96,83,100,44,84,73,50,92,37,87,98,56,95,87,68,38,76,72,95,81,90,45,100,88,85,88,85,83,38,89,98,99,74,79,64,38,71,57,95,82,69,76,85,73,97,82,83,94,68,100,39,100,100,44,57,65,97,100,100,87,61,77,72,100,84,76,84,89,100,74,89,80,69,65,39,100,84,96,92,73,100,55,25,98,56,0,35,85,37,0,99,44,90,29,80,48,65,55,100,87,75,99,80,70,94,82,100,92,80,93,73,53,34,46,73,73,44,100,33,27,100,65,100,67,73,99,71,87,100,56,59,0,48,57,100,19,62
2020-03-23,83,100,99,100,78,92,67,76,66,46,83,34,84,97,52,100,79,67,30,73,94,98,76,84,45,98,100,100,89,87,72,37,85,90,86,75,86,80,71,83,52,100,81,79,89,85,73,94,100,82,100,70,88,35,97,91,35,62,52,89,87,92,80,60,98,88,96,73,81,73,85,94,57,83,75,57,58,32,90,77,82,86,98,80,49,23,100,66,0,43,86,31,0,97,39,82,27,84,65,59,62,98,87,96,88,100,83,100,67,98,100,88,88,90,60,36,33,97,74,37,91,49,14,98,100,93,64,100,98,83,87,50,74,44,41,34,44,98,27,73
2020-03-24,75,95,95,96,82,93,63,100,71,51,84,31,85,96,53,85,84,67,35,74,87,95,76,83,45,95,95,97,89,84,70,38,87,81,87,74,85,78,75,74,57,84,91,68,91,82,73,95,99,82,93,56,80,32,95,80,43,46,38,87,81,90,67,60,100,72,91,71,72,71,72,96,55,73,67,53,54,36,85,70,78,77,71,78,44,32,72,58,0,0,89,33,0,94,41,91,26,75,100,63,54,91,87,70,88,92,62,88,90,91,88,93,89,85,52,30,35,85,69,32,86,29,12,100,56,94,64,81,89,85,87,53,66,42,43,22,42,97,31,71
2020-03-25,73,93,97,92,78,96,60,85,72,47,76,27,88,92,52,80,82,71,29,73,81,90,76,86,43,94,98,94,87,86,61,43,87,76,92,73,82,81,25,84,55,56,79,62,93,86,72,89,81,77,92,48,77,30,90,78,59,37,41,92,90,93,52,54,85,70,91,64,64,64,63,100,51,67,78,53,49,28,92,60,71,74,68,72,68,26,51,60,0,63,90,0,0,92,37,84,41,69,70,61,55,88,92,88,100,74,71,80,72,88,74,69,96,72,61,54,35,47,65,39,91,47,9,89,39,87,73,66,80,71,92,62,74,42,0,19,33,83,26,73
2020-03-26,71,92,95,92,84,96,62,78,71,44,72,27,91,96,52,75,83,73,29,76,79,97,81,87,45,97,99,90,85,86,53,41,90,72,92,78,84,84,38,76,51,50,77,59,92,84,73,89,70,79,91,49,76,32,97,74,42,33,40,95,86,90,51,53,68,72,90,64,59,64,65,99,54,64,63,51,46,28,85,66,64,69,62,78,46,24,45,61,0,31,92,0,0,95,35,72,38,71,53,60,49,89,93,89,93,75,58,74,90,89,73,72,94,84,55,31,30,78,62,27,93,46,9,95,36,87,68,56,86,89,93,45,74,30,0,25,48,88,42,66
2020-03-27,74,95,99,95,83,95,64,78,71,50,66,29,93,100,51,75,85,73,28,78,76,95,88,89,44,98,93,94,85,89,50,41,91,74,90,100,80,80,70,88,52,51,71,56,88,86,72,92,66,80,93,43,77,33,100,79,49,31,36,100,81,89,43,51,61,71,91,61,55,61,66,91,54,64,90,50,43,27,82,62,65,68,66,68,81,28,44,54,0,0,98,64,0,100,39,64,36,69,52,67,61,87,98,81,90,73,57,74,87,87,74,100,100,87,69,59,40,54,60,45,79,100,3,89,37,75,75,56,88,85,98,60,62,28,0,23,39,83,40,62
2020-03-28,73,95,100,97,82,92,49,71,75,48,64,30,81,99,52,73,90,75,34,79,60,93,91,85,44,95,84,81,87,89,50,100,93,73,94,77,80,67,60,99,55,48,62,50,76,81,66,100,63,78,95,41,74,32,95,76,35,27,40,96,91,85,44,56,56,62,89,58,56,58,65,89,51,59,77,47,43,27,88,61,62,69,58,78,55,39,42,42,0,0,100,72,0,93,42,65,19,67,48,62,63,85,100,69,94,65,60,73,100,85,71,72,92,91,63,100,13,61,51,29,81,94,16,87,42,75,79,51,86,80,100,58,46,27,0,19,33,81,41,59
2020-03-29,71,92,94,92,89,94,42,69,75,49,56,29,82,93,51,72,92,73,33,83,60,87,90,84,50,95,85,75,85,87,49,60,90,69,100,77,73,69,65,85,53,50,59,49,78,85,67,95,55,77,92,39,71,32,93,72,31,26,32,99,90,83,47,53,47,53,84,57,45,57,77,84,51,55,60,47,36,25,86,53,63,68,60,76,49,30,41,45,0,34,95,36,0,90,39,66,28,68,45,64,54,82,96,53,92,62,55,67,86,82,64,69,96,100,51,25,38,47,51,30,77,34,16,77,36,77,85,45,83,77,96,48,51,30,0,20,33,75,43,53
2020-03-30,60,90,94,91,87,91,69,61,70,44,51,26,84,78,48,66,87,71,27,81,77,94,81,85,46,92,92,90,89,89,44,45,91,61,87,73,82,83,20,80,56,47,60,55,94,88,72,90,81,80,91,33,69,28,76,75,59,27,31,93,75,70,54,56,88,60,77,48,54,48,100,69,43,49,53,38,33,21,71,48,52,57,56,64,39,32,37,56,0,30,84,32,0,75,32,80,39,68,42,53,59,75,82,84,77,80,47,73,96,75,58,83,84,69,49,44,45,42,46,26,65,27,14,84,24,72,76,46,59,96,82,68,76,25,0,19,32,79,84,63
2020-03-31,57,84,92,88,87,89,66,59,75,36,47,24,81,76,49,62,85,70,23,84,75,96,78,91,45,90,92,91,84,88,42,43,90,56,85,75,83,86,36,100,60,38,60,54,90,88,73,87,65,83,88,32,61,28,71,61,45,25,26,92,71,67,42,57,63,53,75,40,54,40,73,65,40,45,50,37,30,19,68,39,49,52,54,59,37,33,30,53,0,59,82,0,0,72,28,80,44,68,45,47,56,73,79,86,76,77,45,63,87,73,59,84,82,85,48,29,34,53,42,26,56,23,8,79,43,68,73,41,69,100,79,17,68,21,0,14,22,79,100,65
2020-04-01,55,84,91,88,81,91,68,58,74,37,45,25,85,73,49,63,88,71,22,85,75,97,78,91,45,94,89,90,87,89,38,42,91,55,95,69,83,88,61,61,58,38,60,54,92,87,71,89,76,84,87,30,62,27,68,65,42,24,25,91,77,65,48,65,82,54,74,41,51,41,66,64,37,43,48,36,29,20,68,40,45,52,55,54,37,41,31,56,0,30,77,32,0,68,28,70,14,80,42,50,57,72,77,75,77,75,46,54,70,72,55,69,83,63,48,30,11,58,41,21,55,15,8,79,33,63,85,40,66,94,77,17,65,23,42,20,24,75,91,60
2020-04-02,55,83,92,87,77,89,67,59,76,34,44,25,86,73,48,62,85,73,20,85,75,98,81,90,45,90,90,93,87,89,38,42,91,53,87,74,80,89,41,95,54,39,62,52,93,88,74,88,70,83,85,31,56,29,67,53,55,22,25,89,77,60,44,59,70,54,71,42,57,42,60,57,34,41,46,34,34,18,66,38,44,50,52,53,34,41,32,53,0,0,78,0,0,66,25,65,25,74,42,48,56,70,77,100,73,77,42,59,82,70,52,55,78,91,50,29,28,67,38,19,52,28,6,73,26,67,78,43,66,85,77,26,67,20,0,22,26,70,66,63
2020-04-03,70,82,93,86,87,87,69,54,78,35,44,25,82,68,49,61,90,75,21,87,72,100,79,91,47,95,89,86,87,92,36,37,92,51,86,73,79,84,29,85,52,38,58,48,90,91,76,91,67,81,85,28,67,29,64,67,40,20,27,91,69,67,33,55,66,50,82,38,54,38,62,57,40,39,44,42,30,20,64,34,40,51,51,76,29,28,32,51,25,0,71,0,0,64,21,58,32,75,40,46,56,75,73,79,72,64,42,60,82,75,56,80,83,84,43,23,18,56,39,21,48,14,6,71,31,61,78,44,63,88,73,18,58,17,0,21,31,68,53,56
2020-04-04,75,76,91,89,85,85,54,56,80,39,43,25,79,73,50,61,95,74,22,82,57,100,85,86,45,89,80,72,89,92,36,42,92,52,96,68,75,69,42,86,56,39,51,42,77,82,74,95,57,78,83,32,60,30,67,63,38,18,36,95,76,77,30,52,52,46,85,40,79,40,55,62,46,41,48,41,28,19,72,35,43,54,53,73,31,29,36,43,0,0,76,0,0,68,23,58,16,70,33,54,54,79,78,60,75,54,49,47,77,79,46,57,85,79,43,17,26,34,42,18,56,17,3,67,28,64,99,45,63,70,78,20,51,18,0,23,25,65,34,52
2020-04-05,76,77,89,86,91,83,44,54,76,38,42,26,76,72,51,63,94,73,19,81,57,94,84,84,46,88,79,70,87,92,34,39,92,51,100,72,73,72,56,55,58,44,48,42,78,86,75,91,52,78,82,27,63,29,68,67,36,16,33,96,79,79,24,54,42,49,86,38,71,38,49,64,47,39,52,39,25,20,71,38,42,55,64,90,40,26,39,40,0,34,78,0,0,68,21,51,26,73,37,53,52,78,81,54,80,53,54,54,76,78,54,44,86,87,58,25,33,43,57,22,53,40,6,62,54,62,100,49,55,72,81,20,44,14,0,20,21,60,28,49
2020-04-06,62,78,95,84,82,81,80,48,77,35,39,25,80,66,47,66,88,71,16,80,76,100,77,91,45,91,85,82,82,91,33,42,93,46,88,72,79,87,29,75,55,48,54,47,92,88,76,87,49,84,84,25,62,27,61,58,40,17,22,88,74,65,28,57,39,47,79,30,66,30,49,58,35,35,50,36,24,13,63,40,38,49,74,64,48,22,32,45,0,30,72,32,0,61,20,53,47,72,30,50,69,71,75,65,72,62,51,54,87,71,51,86,84,65,100,59,17,50,62,26,49,71,6,63,36,62,88,53,56,86,75,51,85,13,0,15,20,61,55,56
2020-04-07,62,72,85,78,83,77,78,47,80,40,35,22,77,63,46,64,89,71,17,82,80,96,77,90,46,87,85,78,79,95,29,41,92,43,83,72,84,85,21,74,55,39,51,45,90,86,73,86,48,94,76,21,51,23,57,52,38,15,23,85,68,62,35,48,38,44,73,27,69,27,48,58,34,31,40,35,21,14,59,31,33,46,77,64,29,18,27,45,0,60,66,33,0,57,18,50,34,71,32,53,48,66,70,76,68,54,51,46,81,66,45,75,86,83,53,52,17,42,52,17,47,27,3,57,29,57,84,42,47,84,70,26,64,17,0,9,22,56,50,54
2020-04-08,63,70,84,77,89,82,77,47,80,42,32,21,77,60,48,62,92,72,28,80,72,97,77,89,46,86,88,74,82,93,28,46,94,42,86,73,87,89,58,77,56,44,50,46,99,87,72,86,48,89,73,21,46,24,56,46,36,15,22,84,74,60,32,46,36,43,71,27,59,27,47,59,33,29,32,31,22,21,61,29,34,46,64,60,27,16,32,49,24,0,65,33,0,56,31,47,17,74,32,56,53,64,64,54,68,59,51,41,75,64,39,96,78,63,46,45,12,55,66,15,47,20,0,54,21,58,85,39,48,82,64,26,57,16,0,9,17,50,40,52
2020-04-09,59,67,80,76,91,80,74,45,79,36,32,22,77,58,48,59,93,74,19,84,68,96,74,87,47,88,90,74,80,94,28,47,95,41,83,71,83,88,47,57,53,43,50,44,90,90,71,88,47,88,72,21,46,24,55,47,45,15,26,83,74,59,31,45,34,40,69,25,59,25,54,55,31,28,33,32,19,16,57,25,34,42,55,52,19,15,29,44,100,0,64,67,0,53,22,48,38,74,37,54,48,61,63,66,72,60,43,39,69,61,42,75,79,61,41,38,35,52,44,14,45,12,9,52,25,51,82,40,49,72,63,35,64,15,0,13,16,48,53,52
2020-04-10,58,65,78,73,91,81,86,46,79,34,30,22,75,58,50,56,94,75,16,88,63,92,83,86,44,99,81,69,84,94,28,43,98,40,86,73,83,83,49,46,53,42,49,42,86,87,74,91,45,84,69,22,48,21,52,51,100,14,25,97,69,65,26,49,33,34,66,24,85,24,49,57,32,26,30,32,20,14,61,26,35,43,48,49,24,18,32,41,0,49,63,71,0,52,17,58,27,65,33,48,41,61,65,49,72,48,43,43,78,61,43,60,77,52,39,32,13,55,39,11,47,5,0,44,35,56,89,36,42,67,65,94,43,14,0,9,15,42,29,44
2020-04-11,47,61,77,71,84,78,55,45,80,33,30,20,72,58,50,57,96,75,16,82,48,96,88,100,43,92,78,62,84,96,27,43,96,37,90,70,79,70,23,56,54,64,43,38,76,83,71,93,45,82,68,18,41,19,51,41,51,11,22,90,75,53,21,41,33,27,58,24,40,24,46,55,29,26,27,26,18,14,59,21,36,40,45,39,21,16,37,34,0,0,62,37,0,51,19,59,19,67,27,49,40,52,61,36,73,42,36,38,62,52,45,60,72,62,35,17,0,24,28,11,46,17,0,44,36,55,88,47,36,69,61,29,37,14,0,12,18,48,33,36
2020-04-12,43,56,71,67,90,76,47,47,82,33,27,18,68,56,49,56,96,74,17,83,45,85,85,84,44,85,73,57,81,92,26,44,97,37,86,76,75,69,14,59,57,49,41,35,78,87,72,94,41,83,65,17,36,17,47,42,44,10,17,85,75,49,19,37,27,31,55,25,30,25,41,49,28,24,25,24,15,16,58,23,35,39,49,36,22,16,33,28,0,0,59,0,0,47,17,53,6,68,37,50,36,51,61,32,75,39,35,37,56,51,39,22,75,45,34,34,13,19,29,9,42,7,3,41,18,60,96,40,30,61,61,20,30,12,0,10,18,41,18,34
2020-04-13,59,62,79,77,80,76,77,47,82,43,27,19,76,53,50,56,92,80,15,84,66,90,76,86,44,88,83,68,83,90,27,46,98,35,78,71,77,85,67,48,52,51,43,43,91,92,74,92,44,87,73,18,44,20,45,47,49,12,27,82,59,60,28,44,33,35,70,29,68,29,44,54,30,25,31,32,17,15,53,23,31,41,46,52,24,16,39,40,0,31,59,33,0,45,19,53,14,64,30,57,48,65,59,61,65,53,36,38,67,65,40,63,85,60,37,38,12,43,25,14,41,15,3,47,32,57,78,44,42,71,59,53,52,13,0,11,25,45,32,48
2020-04-14,53,57,78,72,88,76,85,45,82,51,25,19,71,48,46,54,89,81,14,86,66,95,73,85,43,94,86,74,81,95,24,51,100,34,68,70,83,90,53,59,50,48,47,45,94,92,73,91,43,87,69,16,45,18,42,44,45,12,22,73,51,52,25,40,31,38,67,26,67,26,42,46,33,23,28,30,15,13,48,20,29,36,45,47,18,12,30,40,48,30,52,0,0,41,16,48,17,73,33,61,48,62,53,61,53,53,36,31,60,62,32,77,77,48,29,44,11,58,58,11,40,12,8,45,40,51,70,38,30,77,53,69,54,10,42,13,14,45,29,55
2020-04-15,56,58,79,74,82,80,81,44,85,52,25,20,77,48,46,53,91,100,15,88,68,94,75,87,45,90,94,79,82,99,24,49,100,40,67,70,84,94,58,63,52,39,44,48,97,97,72,94,43,87,70,15,47,20,41,47,28,12,26,73,52,52,19,49,32,43,72,24,58,24,57,46,29,22,28,27,16,15,45,18,26,36,45,46,17,15,27,39,0,30,54,32,0,41,16,55,48,73,36,69,50,64,54,61,54,49,32,38,61,64,33,61,75,56,32,52,11,38,100,10,38,10,0,46,25,48,73,32,35,74,54,17,52,15,0,8,13,44,27,45
2020-04-16,52,56,80,73,99,78,74,47,89,49,24,19,76,49,46,51,91,88,23,86,64,93,73,90,44,91,88,77,83,97,23,48,96,36,69,70,87,92,58,54,49,38,46,42,94,93,71,93,50,87,69,15,44,19,41,44,45,12,23,73,48,54,28,45,43,36,72,24,48,24,50,48,28,22,33,28,16,27,44,17,25,36,47,49,26,15,25,39,0,30,57,0,0,41,21,56,28,71,32,65,48,65,57,67,51,51,34,36,55,65,34,64,69,50,33,37,11,42,41,11,39,12,3,44,32,45,75,32,37,72,57,26,47,11,85,14,12,43,24,52
2020-04-17,53,57,83,72,88,78,72,52,87,44,24,18,73,50,46,49,93,86,26,87,63,93,74,88,45,88,85,71,85,96,22,48,97,33,73,71,100,89,71,41,48,34,47,40,93,92,69,97,48,91,68,17,44,18,42,45,32,12,22,72,57,54,23,43,39,33,73,33,54,33,43,51,30,21,28,26,15,24,47,19,25,34,42,48,16,15,21,37,0,0,57,50,0,42,25,50,23,70,29,61,43,66,57,66,56,45,31,42,50,66,37,71,64,56,33,30,12,21,31,12,40,9,9,41,28,44,79,29,33,71,57,35,43,9,0,9,13,40,25,52
2020-04-18,51,49,71,68,95,75,55,47,85,41,24,17,68,49,48,49,97,84,21,100,49,89,95,86,42,89,80,61,100,97,23,47,98,33,75,72,87,76,51,54,50,32,38,35,78,86,71,97,44,84,63,16,36,17,40,36,26,11,23,70,60,51,14,36,33,30,67,26,56,26,34,48,35,20,24,24,14,20,48,19,26,34,41,50,17,18,21,29,0,0,56,36,100,40,18,51,16,70,31,61,42,60,56,41,60,38,33,34,51,60,30,41,61,45,27,17,26,33,29,12,35,5,3,39,18,44,82,25,25,63,56,58,29,10,0,14,20,36,20,45
2020-04-19,45,50,73,81,95,76,46,47,94,46,23,17,68,49,47,50,99,83,17,98,48,89,100,85,44,91,79,62,96,96,23,45,98,33,75,75,81,75,51,46,51,37,38,35,80,88,75,95,44,83,64,14,41,17,41,40,44,10,19,72,55,46,18,41,30,35,65,22,50,22,35,48,35,20,27,25,14,16,46,17,26,34,41,33,18,13,23,33,27,0,55,37,0,41,16,52,32,71,28,59,43,57,57,59,55,37,31,32,46,57,34,38,67,54,27,34,0,24,40,9,38,5,10,36,24,43,82,32,28,60,57,20,36,9,0,8,16,37,10,44
2020-04-20,39,50,73,72,86,76,74,42,91,34,24,17,72,46,45,52,92,79,12,86,64,97,78,88,44,92,86,77,82,98,21,53,93,32,69,76,86,92,48,49,50,37,47,40,94,93,74,90,45,85,62,14,35,16,36,34,47,10,17,66,48,41,22,41,35,28,62,18,40,18,34,45,28,22,20,21,15,11,40,16,24,32,42,34,16,16,21,38,0,30,53,0,0,36,11,45,11,72,28,47,41,56,52,40,47,43,30,26,52,56,25,60,65,46,30,44,17,41,24,9,37,10,3,37,25,45,76,33,29,74,52,34,46,8,0,10,19,36,21,54
2020-04-21,40,49,72,67,90,73,60,40,92,41,23,17,71,44,45,50,91,82,12,80,64,93,72,89,45,94,86,77,81,96,21,53,94,32,67,73,84,97,56,49,50,33,44,39,100,91,77,90,46,81,60,10,36,16,34,39,36,9,18,66,48,42,21,42,37,29,60,16,40,16,33,45,25,20,25,18,13,9,39,13,22,31,42,39,15,12,22,37,0,0,49,32,0,34,11,65,50,72,25,52,41,53,49,61,47,40,29,30,51,53,26,49,69,57,30,29,11,12,24,9,34,7,3,36,19,43,74,31,31,67,49,60,37,10,0,7,19,34,22,56
2020-04-22,33,49,72,64,87,76,71,41,88,35,21,18,70,41,44,50,93,82,12,82,63,91,72,90,45,91,89,73,80,97,20,51,96,30,64,71,85,100,37,52,55,34,47,39,98,92,75,93,44,90,60,12,35,15,33,39,35,10,19,66,44,35,21,41,34,28,60,16,32,16,35,42,24,18,25,18,13,9,37,15,22,28,40,25,18,12,18,37,0,61,48,0,0,33,11,56,20,71,30,45,38,51,48,58,48,41,25,30,55,51,24,36,63,60,36,22,0,38,25,9,33,14,6,34,21,45,68,30,32,62,48,43,27,9,0,9,12,33,19,56
2020-04-23,41,47,70,62,90,77,68,39,89,32,21,18,70,41,44,48,94,79,11,83,62,88,72,88,52,86,89,77,79,97,20,52,96,29,61,70,84,98,16,43,60,37,49,39,98,95,71,88,49,90,58,12,35,13,33,36,33,10,21,66,42,41,18,41,43,32,60,16,40,16,36,41,25,19,26,20,13,9,35,14,21,29,39,36,16,12,23,35,0,44,48,32,0,32,11,45,14,69,29,42,42,52,46,50,43,40,26,26,47,52,24,52,63,53,34,0,0,29,21,9,31,9,3,33,19,37,70,34,34,56,46,34,41,10,0,7,18,33,15,61
2020-04-24,43,46,67,60,91,76,66,39,88,85,20,17,67,40,46,49,94,81,10,82,58,79,71,85,59,85,85,69,81,90,19,49,95,28,62,70,83,95,70,38,65,35,44,36,95,99,71,88,51,83,54,13,32,13,30,32,46,9,18,67,44,40,18,36,45,27,59,17,36,17,32,37,23,18,21,17,13,8,38,11,21,29,38,39,13,11,22,37,0,30,41,65,89,31,9,46,17,70,28,93,40,50,43,48,45,38,26,22,47,50,27,65,63,42,31,30,0,25,17,7,29,7,0,30,33,42,64,28,43,43,43,17,32,9,0,6,13,30,9,63
2020-04-25,39,44,64,56,88,73,49,40,89,65,18,15,63,42,47,50,99,80,9,83,47,84,78,85,53,98,72,59,88,97,17,45,94,28,66,69,74,76,38,52,61,39,38,33,79,85,72,94,42,84,52,10,30,13,33,30,48,7,22,68,46,34,14,33,30,22,53,15,41,15,29,41,25,16,17,17,10,6,41,14,22,28,40,23,13,15,23,25,0,0,45,37,0,33,10,57,13,69,23,80,35,45,45,30,46,32,29,24,52,45,26,35,61,31,27,43,0,34,16,6,30,7,0,28,24,41,67,30,20,46,45,30,25,9,0,2,9,27,13,51
2020-04-26,35,42,67,57,100,74,46,39,91,49,18,15,65,42,46,52,100,79,10,83,47,83,77,89,45,96,78,59,86,98,18,45,97,28,68,71,71,77,51,46,54,40,40,35,79,85,76,91,41,86,54,11,29,14,33,27,34,8,15,68,50,35,13,33,28,19,53,16,37,16,30,42,25,15,17,18,11,8,40,14,22,27,41,23,15,12,25,27,0,0,48,37,0,33,8,79,6,78,22,69,34,44,47,33,46,35,26,28,58,44,22,32,71,28,25,17,13,33,15,6,33,14,0,27,21,42,76,29,22,48,47,20,31,5,0,5,10,25,18,46
2020-04-27,30,44,73,60,86,76,72,36,88,40,17,16,70,40,43,51,93,80,9,82,63,86,69,90,46,92,88,71,83,97,19,60,96,26,61,74,80,94,45,51,52,43,45,41,99,90,100,87,48,88,57,10,26,12,31,25,44,9,12,62,41,36,15,44,41,25,52,13,34,13,34,43,21,15,16,16,11,7,33,12,21,25,42,20,15,10,24,39,24,60,43,32,0,31,8,63,17,72,25,56,40,42,45,43,41,42,25,27,58,42,25,61,62,31,28,30,0,25,14,8,34,4,3,32,19,45,68,36,45,50,45,17,47,9,0,5,8,31,14,67
2020-04-28,29,43,69,58,87,78,72,37,90,35,17,17,71,38,44,50,94,80,8,78,63,88,67,91,45,91,88,69,83,97,17,54,96,26,63,75,83,100,41,54,52,40,47,38,98,88,84,89,48,89,55,9,26,13,28,25,31,8,15,63,42,34,18,40,41,22,51,12,35,12,32,40,21,15,18,19,12,6,33,12,21,24,41,28,20,12,22,38,24,0,41,0,88,28,8,56,17,73,25,47,43,42,41,54,40,42,24,26,47,42,19,78,57,32,32,37,11,29,18,8,29,10,6,33,21,41,74,36,40,54,41,34,31,6,42,5,12,31,11,72
2020-04-29,27,42,69,59,85,79,70,37,100,31,17,16,69,36,43,53,95,80,8,81,62,87,68,89,45,89,88,70,80,97,18,53,96,26,69,73,79,98,32,51,51,38,47,41,98,89,96,88,44,86,55,10,24,12,28,24,39,8,18,61,47,30,13,39,37,20,51,14,28,14,32,37,20,14,18,18,10,6,34,13,19,25,41,17,18,11,22,36,0,60,40,0,88,27,8,48,11,72,21,44,35,41,39,51,43,40,26,24,48,41,21,79,57,43,37,36,22,29,13,10,25,3,3,32,16,39,72,36,45,58,39,34,43,6,0,6,14,30,18,70
2020-04-30,25,41,67,56,91,79,71,36,93,31,16,15,70,36,44,51,95,79,8,85,61,89,65,89,45,87,85,70,81,97,17,53,95,26,59,74,84,99,34,37,50,43,45,39,98,93,95,88,49,83,54,9,25,12,26,25,42,7,15,62,38,27,11,36,43,18,47,11,25,11,33,37,19,13,16,19,11,6,32,11,19,22,39,19,15,11,23,38,22,0,38,0,0,26,9,57,36,67,26,44,37,38,40,44,37,37,22,26,52,38,20,54,54,47,26,48,0,19,16,9,25,4,3,30,13,39,61,30,35,60,40,32,35,8,0,7,8,27,14,69
2020-05-01,27,40,67,56,95,80,52,40,91,32,17,15,72,39,47,50,99,80,10,88,62,85,72,88,47,95,87,65,91,100,17,49,97,26,60,75,82,97,31,39,53,72,40,37,96,98,80,96,60,78,53,10,24,12,28,22,36,7,12,66,39,29,7,41,60,18,48,11,28,11,34,40,22,14,18,20,10,9,31,11,20,23,38,15,16,13,28,35,0,0,39,69,0,28,10,51,6,66,23,46,27,38,40,30,37,33,21,28,50,38,25,57,52,35,33,24,12,18,17,9,27,19,3,27,11,36,67,45,34,48,40,56,26,6,0,5,10,26,7,61
